<?xml version="1.0" encoding="UTF-8"?>
<zabbix_export>
    <version>2.0</version>
    <date>2015-10-29T20:48:21Z</date>
    <groups>
        <group>
            <name>Templates</name>
        </group>
    </groups>
    <templates>
        <template>
            <template>RDS</template>
            <name>RDS</name>
            <groups>
                <group>
                    <name>Templates</name>
                </group>
            </groups>
            <applications>
                <application>
                    <name>CPU</name>
                </application>
                <application>
                    <name>Database</name>
                </application>
                <application>
                    <name>Disk</name>
                </application>
                <application>
                    <name>Memory</name>
                </application>
                <application>
                    <name>Network</name>
                </application>
            </applications>
            <items>
                <item>
                    <name>CPU Utilization</name>
                    <type>10</type>
                    <snmp_community/>
                    <multiplier>0</multiplier>
                    <snmp_oid/>
                    <key>zabbix-aws.py[&quot;CPUUtilization&quot;,&quot;Average&quot;,&quot;DBInstanceIdentifier={HOSTNAME}&quot;,&quot;AWS/RDS&quot;,&quot;{$REGION}&quot;,&quot;{$ACCESS_KEY}&quot;,&quot;{$SECRET_KEY}&quot;]</key>
                    <delay>30</delay>
                    <history>90</history>
                    <trends>365</trends>
                    <status>0</status>
                    <value_type>0</value_type>
                    <allowed_hosts/>
                    <units>%</units>
                    <delta>0</delta>
                    <snmpv3_contextname/>
                    <snmpv3_securityname/>
                    <snmpv3_securitylevel>0</snmpv3_securitylevel>
                    <snmpv3_authprotocol>0</snmpv3_authprotocol>
                    <snmpv3_authpassphrase/>
                    <snmpv3_privprotocol>0</snmpv3_privprotocol>
                    <snmpv3_privpassphrase/>
                    <formula>1</formula>
                    <delay_flex/>
                    <params/>
                    <ipmi_sensor/>
                    <data_type>0</data_type>
                    <authtype>0</authtype>
                    <username/>
                    <password/>
                    <publickey/>
                    <privatekey/>
                    <port/>
                    <description/>
                    <inventory_link>0</inventory_link>
                    <applications>
                        <application>
                            <name>CPU</name>
                        </application>
                    </applications>
                    <valuemap/>
                    <logtimefmt/>
                </item>
                <item>
                    <name>Database Connections</name>
                    <type>10</type>
                    <snmp_community/>
                    <multiplier>0</multiplier>
                    <snmp_oid/>
                    <key>zabbix-aws.py[&quot;DatabaseConnections&quot;,&quot;Average&quot;,&quot;DBInstanceIdentifier={HOSTNAME}&quot;,&quot;AWS/RDS&quot;,&quot;{$REGION}&quot;,&quot;{$ACCESS_KEY}&quot;,&quot;{$SECRET_KEY}&quot;]</key>
                    <delay>30</delay>
                    <history>90</history>
                    <trends>365</trends>
                    <status>0</status>
                    <value_type>0</value_type>
                    <allowed_hosts/>
                    <units/>
                    <delta>0</delta>
                    <snmpv3_contextname/>
                    <snmpv3_securityname/>
                    <snmpv3_securitylevel>0</snmpv3_securitylevel>
                    <snmpv3_authprotocol>0</snmpv3_authprotocol>
                    <snmpv3_authpassphrase/>
                    <snmpv3_privprotocol>0</snmpv3_privprotocol>
                    <snmpv3_privpassphrase/>
                    <formula>1</formula>
                    <delay_flex/>
                    <params/>
                    <ipmi_sensor/>
                    <data_type>0</data_type>
                    <authtype>0</authtype>
                    <username/>
                    <password/>
                    <publickey/>
                    <privatekey/>
                    <port/>
                    <description/>
                    <inventory_link>0</inventory_link>
                    <applications>
                        <application>
                            <name>Database</name>
                        </application>
                    </applications>
                    <valuemap/>
                    <logtimefmt/>
                </item>
                <item>
                    <name>Disk Queue Depth</name>
                    <type>10</type>
                    <snmp_community/>
                    <multiplier>0</multiplier>
                    <snmp_oid/>
                    <key>zabbix-aws.py[&quot;DiskQueueDepth&quot;,&quot;Average&quot;,&quot;DBInstanceIdentifier={HOSTNAME}&quot;,&quot;AWS/RDS&quot;,&quot;{$REGION}&quot;,&quot;{$ACCESS_KEY}&quot;,&quot;{$SECRET_KEY}&quot;]</key>
                    <delay>30</delay>
                    <history>90</history>
                    <trends>365</trends>
                    <status>0</status>
                    <value_type>0</value_type>
                    <allowed_hosts/>
                    <units/>
                    <delta>0</delta>
                    <snmpv3_contextname/>
                    <snmpv3_securityname/>
                    <snmpv3_securitylevel>0</snmpv3_securitylevel>
                    <snmpv3_authprotocol>0</snmpv3_authprotocol>
                    <snmpv3_authpassphrase/>
                    <snmpv3_privprotocol>0</snmpv3_privprotocol>
                    <snmpv3_privpassphrase/>
                    <formula>1</formula>
                    <delay_flex/>
                    <params/>
                    <ipmi_sensor/>
                    <data_type>0</data_type>
                    <authtype>0</authtype>
                    <username/>
                    <password/>
                    <publickey/>
                    <privatekey/>
                    <port/>
                    <description/>
                    <inventory_link>0</inventory_link>
                    <applications>
                        <application>
                            <name>Disk</name>
                        </application>
                    </applications>
                    <valuemap/>
                    <logtimefmt/>
                </item>
                <item>
                    <name>Free Storage Space</name>
                    <type>10</type>
                    <snmp_community/>
                    <multiplier>0</multiplier>
                    <snmp_oid/>
                    <key>zabbix-aws.py[&quot;FreeStorageSpace&quot;,&quot;Average&quot;,&quot;DBInstanceIdentifier={HOSTNAME}&quot;,&quot;AWS/RDS&quot;,&quot;{$REGION}&quot;,&quot;{$ACCESS_KEY}&quot;,&quot;{$SECRET_KEY}&quot;]</key>
                    <delay>30</delay>
                    <history>90</history>
                    <trends>365</trends>
                    <status>0</status>
                    <value_type>0</value_type>
                    <allowed_hosts/>
                    <units>B</units>
                    <delta>0</delta>
                    <snmpv3_contextname/>
                    <snmpv3_securityname/>
                    <snmpv3_securitylevel>0</snmpv3_securitylevel>
                    <snmpv3_authprotocol>0</snmpv3_authprotocol>
                    <snmpv3_authpassphrase/>
                    <snmpv3_privprotocol>0</snmpv3_privprotocol>
                    <snmpv3_privpassphrase/>
                    <formula>1</formula>
                    <delay_flex/>
                    <params/>
                    <ipmi_sensor/>
                    <data_type>0</data_type>
                    <authtype>0</authtype>
                    <username/>
                    <password/>
                    <publickey/>
                    <privatekey/>
                    <port/>
                    <description/>
                    <inventory_link>0</inventory_link>
                    <applications>
                        <application>
                            <name>Disk</name>
                        </application>
                    </applications>
                    <valuemap/>
                    <logtimefmt/>
                </item>
                <item>
                    <name>Network Receive Throughput</name>
                    <type>10</type>
                    <snmp_community/>
                    <multiplier>0</multiplier>
                    <snmp_oid/>
                    <key>zabbix-aws.py[&quot;NetworkReceiveThroughput&quot;,&quot;Average&quot;,&quot;DBInstanceIdentifier={HOSTNAME}&quot;,&quot;AWS/RDS&quot;,&quot;{$REGION}&quot;,&quot;{$ACCESS_KEY}&quot;,&quot;{$SECRET_KEY}&quot;]</key>
                    <delay>30</delay>
                    <history>90</history>
                    <trends>365</trends>
                    <status>0</status>
                    <value_type>0</value_type>
                    <allowed_hosts/>
                    <units>Bps</units>
                    <delta>0</delta>
                    <snmpv3_contextname/>
                    <snmpv3_securityname/>
                    <snmpv3_securitylevel>0</snmpv3_securitylevel>
                    <snmpv3_authprotocol>0</snmpv3_authprotocol>
                    <snmpv3_authpassphrase/>
                    <snmpv3_privprotocol>0</snmpv3_privprotocol>
                    <snmpv3_privpassphrase/>
                    <formula>1</formula>
                    <delay_flex/>
                    <params/>
                    <ipmi_sensor/>
                    <data_type>0</data_type>
                    <authtype>0</authtype>
                    <username/>
                    <password/>
                    <publickey/>
                    <privatekey/>
                    <port/>
                    <description/>
                    <inventory_link>0</inventory_link>
                    <applications>
                        <application>
                            <name>Network</name>
                        </application>
                    </applications>
                    <valuemap/>
                    <logtimefmt/>
                </item>
                <item>
                    <name>Network Transmit Throughput</name>
                    <type>10</type>
                    <snmp_community/>
                    <multiplier>0</multiplier>
                    <snmp_oid/>
                    <key>zabbix-aws.py[&quot;NetworkTransmitThroughput&quot;,&quot;Average&quot;,&quot;DBInstanceIdentifier={HOSTNAME}&quot;,&quot;AWS/RDS&quot;,&quot;{$REGION}&quot;,&quot;{$ACCESS_KEY}&quot;,&quot;{$SECRET_KEY}&quot;]</key>
                    <delay>30</delay>
                    <history>90</history>
                    <trends>365</trends>
                    <status>0</status>
                    <value_type>0</value_type>
                    <allowed_hosts/>
                    <units>Bps</units>
                    <delta>0</delta>
                    <snmpv3_contextname/>
                    <snmpv3_securityname/>
                    <snmpv3_securitylevel>0</snmpv3_securitylevel>
                    <snmpv3_authprotocol>0</snmpv3_authprotocol>
                    <snmpv3_authpassphrase/>
                    <snmpv3_privprotocol>0</snmpv3_privprotocol>
                    <snmpv3_privpassphrase/>
                    <formula>1</formula>
                    <delay_flex/>
                    <params/>
                    <ipmi_sensor/>
                    <data_type>0</data_type>
                    <authtype>0</authtype>
                    <username/>
                    <password/>
                    <publickey/>
                    <privatekey/>
                    <port/>
                    <description/>
                    <inventory_link>0</inventory_link>
                    <applications>
                        <application>
                            <name>Network</name>
                        </application>
                    </applications>
                    <valuemap/>
                    <logtimefmt/>
                </item>
                <item>
                    <name>Read IOPS</name>
                    <type>10</type>
                    <snmp_community/>
                    <multiplier>0</multiplier>
                    <snmp_oid/>
                    <key>zabbix-aws.py[&quot;ReadIOPS&quot;,&quot;Average&quot;,&quot;DBInstanceIdentifier={HOSTNAME}&quot;,&quot;AWS/RDS&quot;,&quot;{$REGION}&quot;,&quot;{$ACCESS_KEY}&quot;,&quot;{$SECRET_KEY}&quot;]</key>
                    <delay>30</delay>
                    <history>90</history>
                    <trends>365</trends>
                    <status>0</status>
                    <value_type>0</value_type>
                    <allowed_hosts/>
                    <units>count/s</units>
                    <delta>0</delta>
                    <snmpv3_contextname/>
                    <snmpv3_securityname/>
                    <snmpv3_securitylevel>0</snmpv3_securitylevel>
                    <snmpv3_authprotocol>0</snmpv3_authprotocol>
                    <snmpv3_authpassphrase/>
                    <snmpv3_privprotocol>0</snmpv3_privprotocol>
                    <snmpv3_privpassphrase/>
                    <formula>1</formula>
                    <delay_flex/>
                    <params/>
                    <ipmi_sensor/>
                    <data_type>0</data_type>
                    <authtype>0</authtype>
                    <username/>
                    <password/>
                    <publickey/>
                    <privatekey/>
                    <port/>
                    <description/>
                    <inventory_link>0</inventory_link>
                    <applications>
                        <application>
                            <name>Disk</name>
                        </application>
                    </applications>
                    <valuemap/>
                    <logtimefmt/>
                </item>
                <item>
                    <name>Read Latecy</name>
                    <type>10</type>
                    <snmp_community/>
                    <multiplier>1</multiplier>
                    <snmp_oid/>
                    <key>zabbix-aws.py[&quot;ReadLatency&quot;,&quot;Average&quot;,&quot;DBInstanceIdentifier={HOSTNAME}&quot;,&quot;AWS/RDS&quot;,&quot;{$REGION}&quot;,&quot;{$ACCESS_KEY}&quot;,&quot;{$SECRET_KEY}&quot;]</key>
                    <delay>30</delay>
                    <history>90</history>
                    <trends>365</trends>
                    <status>0</status>
                    <value_type>0</value_type>
                    <allowed_hosts/>
                    <units>ms</units>
                    <delta>0</delta>
                    <snmpv3_contextname/>
                    <snmpv3_securityname/>
                    <snmpv3_securitylevel>0</snmpv3_securitylevel>
                    <snmpv3_authprotocol>0</snmpv3_authprotocol>
                    <snmpv3_authpassphrase/>
                    <snmpv3_privprotocol>0</snmpv3_privprotocol>
                    <snmpv3_privpassphrase/>
                    <formula>1000</formula>
                    <delay_flex/>
                    <params/>
                    <ipmi_sensor/>
                    <data_type>0</data_type>
                    <authtype>0</authtype>
                    <username/>
                    <password/>
                    <publickey/>
                    <privatekey/>
                    <port/>
                    <description/>
                    <inventory_link>0</inventory_link>
                    <applications>
                        <application>
                            <name>Disk</name>
                        </application>
                    </applications>
                    <valuemap/>
                    <logtimefmt/>
                </item>
                <item>
                    <name>Read Throughput</name>
                    <type>10</type>
                    <snmp_community/>
                    <multiplier>0</multiplier>
                    <snmp_oid/>
                    <key>zabbix-aws.py[&quot;ReadThroughput&quot;,&quot;Average&quot;,&quot;DBInstanceIdentifier={HOSTNAME}&quot;,&quot;AWS/RDS&quot;,&quot;{$REGION}&quot;,&quot;{$ACCESS_KEY}&quot;,&quot;{$SECRET_KEY}&quot;]</key>
                    <delay>30</delay>
                    <history>90</history>
                    <trends>365</trends>
                    <status>0</status>
                    <value_type>0</value_type>
                    <allowed_hosts/>
                    <units>Bps</units>
                    <delta>0</delta>
                    <snmpv3_contextname/>
                    <snmpv3_securityname/>
                    <snmpv3_securitylevel>0</snmpv3_securitylevel>
                    <snmpv3_authprotocol>0</snmpv3_authprotocol>
                    <snmpv3_authpassphrase/>
                    <snmpv3_privprotocol>0</snmpv3_privprotocol>
                    <snmpv3_privpassphrase/>
                    <formula>1</formula>
                    <delay_flex/>
                    <params/>
                    <ipmi_sensor/>
                    <data_type>0</data_type>
                    <authtype>0</authtype>
                    <username/>
                    <password/>
                    <publickey/>
                    <privatekey/>
                    <port/>
                    <description/>
                    <inventory_link>0</inventory_link>
                    <applications>
                        <application>
                            <name>Disk</name>
                        </application>
                    </applications>
                    <valuemap/>
                    <logtimefmt/>
                </item>
                <item>
                    <name>Swap Usage</name>
                    <type>10</type>
                    <snmp_community/>
                    <multiplier>0</multiplier>
                    <snmp_oid/>
                    <key>zabbix-aws.py[&quot;SwapUsage&quot;,&quot;Average&quot;,&quot;DBInstanceIdentifier={HOSTNAME}&quot;,&quot;AWS/RDS&quot;,&quot;{$REGION}&quot;,&quot;{$ACCESS_KEY}&quot;,&quot;{$SECRET_KEY}&quot;]</key>
                    <delay>30</delay>
                    <history>90</history>
                    <trends>365</trends>
                    <status>0</status>
                    <value_type>0</value_type>
                    <allowed_hosts/>
                    <units>B</units>
                    <delta>0</delta>
                    <snmpv3_contextname/>
                    <snmpv3_securityname/>
                    <snmpv3_securitylevel>0</snmpv3_securitylevel>
                    <snmpv3_authprotocol>0</snmpv3_authprotocol>
                    <snmpv3_authpassphrase/>
                    <snmpv3_privprotocol>0</snmpv3_privprotocol>
                    <snmpv3_privpassphrase/>
                    <formula>1</formula>
                    <delay_flex/>
                    <params/>
                    <ipmi_sensor/>
                    <data_type>0</data_type>
                    <authtype>0</authtype>
                    <username/>
                    <password/>
                    <publickey/>
                    <privatekey/>
                    <port/>
                    <description/>
                    <inventory_link>0</inventory_link>
                    <applications>
                        <application>
                            <name>Memory</name>
                        </application>
                    </applications>
                    <valuemap/>
                    <logtimefmt/>
                </item>
                <item>
                    <name>Write IOPS</name>
                    <type>10</type>
                    <snmp_community/>
                    <multiplier>0</multiplier>
                    <snmp_oid/>
                    <key>zabbix-aws.py[&quot;WriteIOPS&quot;,&quot;Average&quot;,&quot;DBInstanceIdentifier={HOSTNAME}&quot;,&quot;AWS/RDS&quot;,&quot;{$REGION}&quot;,&quot;{$ACCESS_KEY}&quot;,&quot;{$SECRET_KEY}&quot;]</key>
                    <delay>30</delay>
                    <history>90</history>
                    <trends>365</trends>
                    <status>0</status>
                    <value_type>0</value_type>
                    <allowed_hosts/>
                    <units>count/s</units>
                    <delta>0</delta>
                    <snmpv3_contextname/>
                    <snmpv3_securityname/>
                    <snmpv3_securitylevel>0</snmpv3_securitylevel>
                    <snmpv3_authprotocol>0</snmpv3_authprotocol>
                    <snmpv3_authpassphrase/>
                    <snmpv3_privprotocol>0</snmpv3_privprotocol>
                    <snmpv3_privpassphrase/>
                    <formula>1</formula>
                    <delay_flex/>
                    <params/>
                    <ipmi_sensor/>
                    <data_type>0</data_type>
                    <authtype>0</authtype>
                    <username/>
                    <password/>
                    <publickey/>
                    <privatekey/>
                    <port/>
                    <description/>
                    <inventory_link>0</inventory_link>
                    <applications>
                        <application>
                            <name>Disk</name>
                        </application>
                    </applications>
                    <valuemap/>
                    <logtimefmt/>
                </item>
                <item>
                    <name>Write Latency</name>
                    <type>10</type>
                    <snmp_community/>
                    <multiplier>1</multiplier>
                    <snmp_oid/>
                    <key>zabbix-aws.py[&quot;WriteLatency&quot;,&quot;Average&quot;,&quot;DBInstanceIdentifier={HOSTNAME}&quot;,&quot;AWS/RDS&quot;,&quot;{$REGION}&quot;,&quot;{$ACCESS_KEY}&quot;,&quot;{$SECRET_KEY}&quot;]</key>
                    <delay>30</delay>
                    <history>90</history>
                    <trends>365</trends>
                    <status>0</status>
                    <value_type>0</value_type>
                    <allowed_hosts/>
                    <units>ms</units>
                    <delta>0</delta>
                    <snmpv3_contextname/>
                    <snmpv3_securityname/>
                    <snmpv3_securitylevel>0</snmpv3_securitylevel>
                    <snmpv3_authprotocol>0</snmpv3_authprotocol>
                    <snmpv3_authpassphrase/>
                    <snmpv3_privprotocol>0</snmpv3_privprotocol>
                    <snmpv3_privpassphrase/>
                    <formula>1000</formula>
                    <delay_flex/>
                    <params/>
                    <ipmi_sensor/>
                    <data_type>0</data_type>
                    <authtype>0</authtype>
                    <username/>
                    <password/>
                    <publickey/>
                    <privatekey/>
                    <port/>
                    <description/>
                    <inventory_link>0</inventory_link>
                    <applications>
                        <application>
                            <name>Disk</name>
                        </application>
                    </applications>
                    <valuemap/>
                    <logtimefmt/>
                </item>
                <item>
                    <name>Write Throughput</name>
                    <type>10</type>
                    <snmp_community/>
                    <multiplier>0</multiplier>
                    <snmp_oid/>
                    <key>zabbix-aws.py[&quot;WriteThroughput&quot;,&quot;Average&quot;,&quot;DBInstanceIdentifier={HOSTNAME}&quot;,&quot;AWS/RDS&quot;,&quot;{$REGION}&quot;,&quot;{$ACCESS_KEY}&quot;,&quot;{$SECRET_KEY}&quot;]</key>
                    <delay>30</delay>
                    <history>90</history>
                    <trends>365</trends>
                    <status>0</status>
                    <value_type>0</value_type>
                    <allowed_hosts/>
                    <units>Bps</units>
                    <delta>0</delta>
                    <snmpv3_contextname/>
                    <snmpv3_securityname/>
                    <snmpv3_securitylevel>0</snmpv3_securitylevel>
                    <snmpv3_authprotocol>0</snmpv3_authprotocol>
                    <snmpv3_authpassphrase/>
                    <snmpv3_privprotocol>0</snmpv3_privprotocol>
                    <snmpv3_privpassphrase/>
                    <formula>1</formula>
                    <delay_flex/>
                    <params/>
                    <ipmi_sensor/>
                    <data_type>0</data_type>
                    <authtype>0</authtype>
                    <username/>
                    <password/>
                    <publickey/>
                    <privatekey/>
                    <port/>
                    <description/>
                    <inventory_link>0</inventory_link>
                    <applications>
                        <application>
                            <name>Disk</name>
                        </application>
                    </applications>
                    <valuemap/>
                    <logtimefmt/>
                </item>
            </items>
            <discovery_rules/>
            <macros/>
            <templates/>
            <screens/>
        </template>
    </templates>
    <triggers>
        <trigger>
            <expression>{RDS:zabbix-aws.py[&quot;CPUUtilization&quot;,&quot;Average&quot;,&quot;DBInstanceIdentifier={HOSTNAME}&quot;,&quot;AWS/RDS&quot;,&quot;{$REGION}&quot;,&quot;{$ACCESS_KEY}&quot;,&quot;{$SECRET_KEY}&quot;].min(5m)}&gt;95</expression>
            <name>Critical CPU Load</name>
            <url/>
            <status>0</status>
            <priority>4</priority>
            <description>CPU com processamento critico (95%), favor verificar</description>
            <type>0</type>
            <dependencies/>
        </trigger>
        <trigger>
            <expression>{RDS:zabbix-aws.py[&quot;DatabaseConnections&quot;,&quot;Average&quot;,&quot;DBInstanceIdentifier={HOSTNAME}&quot;,&quot;AWS/RDS&quot;,&quot;{$REGION}&quot;,&quot;{$ACCESS_KEY}&quot;,&quot;{$SECRET_KEY}&quot;].avg(300)}&gt;240</expression>
            <name>Critical Database Connections</name>
            <url/>
            <status>0</status>
            <priority>4</priority>
            <description>Acima de 240 conexões no banco.</description>
            <type>0</type>
            <dependencies/>
        </trigger>
        <trigger>
            <expression>{RDS:zabbix-aws.py[&quot;DiskQueueDepth&quot;,&quot;Average&quot;,&quot;DBInstanceIdentifier={HOSTNAME}&quot;,&quot;AWS/RDS&quot;,&quot;{$REGION}&quot;,&quot;{$ACCESS_KEY}&quot;,&quot;{$SECRET_KEY}&quot;].min(5m)}&gt;80</expression>
            <name>Critical Disk Queue Depth</name>
            <url/>
            <status>0</status>
            <priority>4</priority>
            <description>Disk Queue acima de 80</description>
            <type>0</type>
            <dependencies/>
        </trigger>
        <trigger>
            <expression>{RDS:zabbix-aws.py[&quot;ReadIOPS&quot;,&quot;Average&quot;,&quot;DBInstanceIdentifier={HOSTNAME}&quot;,&quot;AWS/RDS&quot;,&quot;{$REGION}&quot;,&quot;{$ACCESS_KEY}&quot;,&quot;{$SECRET_KEY}&quot;].min(5m)}&gt;3000</expression>
            <name>Critical Reading IOPS</name>
            <url/>
            <status>0</status>
            <priority>4</priority>
            <description>IOPS de leitura acima de 3000</description>
            <type>0</type>
            <dependencies/>
        </trigger>
        <trigger>
            <expression>({TRIGGER.VALUE}=0 &amp; {RDS:zabbix-aws.py[&quot;ReadThroughput&quot;,&quot;Average&quot;,&quot;DBInstanceIdentifier={HOSTNAME}&quot;,&quot;AWS/RDS&quot;,&quot;{$REGION}&quot;,&quot;{$ACCESS_KEY}&quot;,&quot;{$SECRET_KEY}&quot;].min(5m)}&gt;70000000) | ({TRIGGER.VALUE}=1 &amp; {RDS:zabbix-aws.py[&quot;ReadThroughput&quot;,&quot;Average&quot;,&quot;DBInstanceIdentifier={HOSTNAME}&quot;,&quot;AWS/RDS&quot;,&quot;{$REGION}&quot;,&quot;{$ACCESS_KEY}&quot;,&quot;{$SECRET_KEY}&quot;].min(10m)}&gt;60000000)</expression>
            <name>Critical Read Throughput</name>
            <url/>
            <status>0</status>
            <priority>4</priority>
            <description/>
            <type>0</type>
            <dependencies/>
        </trigger>
        <trigger>
            <expression>{RDS:zabbix-aws.py[&quot;SwapUsage&quot;,&quot;Average&quot;,&quot;DBInstanceIdentifier={HOSTNAME}&quot;,&quot;AWS/RDS&quot;,&quot;{$REGION}&quot;,&quot;{$ACCESS_KEY}&quot;,&quot;{$SECRET_KEY}&quot;].min(5m)}&gt;262144000</expression>
            <name>Critical Swap Usage</name>
            <url/>
            <status>0</status>
            <priority>4</priority>
            <description>Critical Swap Usage</description>
            <type>0</type>
            <dependencies/>
        </trigger>
        <trigger>
            <expression>{RDS:zabbix-aws.py[&quot;WriteLatency&quot;,&quot;Average&quot;,&quot;DBInstanceIdentifier={HOSTNAME}&quot;,&quot;AWS/RDS&quot;,&quot;{$REGION}&quot;,&quot;{$ACCESS_KEY}&quot;,&quot;{$SECRET_KEY}&quot;].min(5m)}&gt;400</expression>
            <name>Critical Write Latency</name>
            <url/>
            <status>0</status>
            <priority>4</priority>
            <description>Latencia de escrita acima de 400ms</description>
            <type>0</type>
            <dependencies/>
        </trigger>
        <trigger>
            <expression>{RDS:zabbix-aws.py[&quot;WriteThroughput&quot;,&quot;Average&quot;,&quot;DBInstanceIdentifier={HOSTNAME}&quot;,&quot;AWS/RDS&quot;,&quot;{$REGION}&quot;,&quot;{$ACCESS_KEY}&quot;,&quot;{$SECRET_KEY}&quot;].min(5m)}&gt;8000000</expression>
            <name>Critical Write Throughput</name>
            <url/>
            <status>0</status>
            <priority>4</priority>
            <description/>
            <type>0</type>
            <dependencies/>
        </trigger>
        <trigger>
            <expression>{RDS:zabbix-aws.py[&quot;WriteIOPS&quot;,&quot;Average&quot;,&quot;DBInstanceIdentifier={HOSTNAME}&quot;,&quot;AWS/RDS&quot;,&quot;{$REGION}&quot;,&quot;{$ACCESS_KEY}&quot;,&quot;{$SECRET_KEY}&quot;].min(5m)}&gt;3900</expression>
            <name>Critical Writing IOPS</name>
            <url/>
            <status>0</status>
            <priority>4</priority>
            <description>IOPS de escrita acima de 3900</description>
            <type>0</type>
            <dependencies/>
        </trigger>
        <trigger>
            <expression>{RDS:zabbix-aws.py[&quot;FreeStorageSpace&quot;,&quot;Average&quot;,&quot;DBInstanceIdentifier={HOSTNAME}&quot;,&quot;AWS/RDS&quot;,&quot;{$REGION}&quot;,&quot;{$ACCESS_KEY}&quot;,&quot;{$SECRET_KEY}&quot;].min(5m)}&lt;10G</expression>
            <name>Espaço Livre em disco inferior a 10Gb</name>
            <url/>
            <status>0</status>
            <priority>4</priority>
            <description/>
            <type>0</type>
            <dependencies/>
        </trigger>
        <trigger>
            <expression>{RDS:zabbix-aws.py[&quot;FreeStorageSpace&quot;,&quot;Average&quot;,&quot;DBInstanceIdentifier={HOSTNAME}&quot;,&quot;AWS/RDS&quot;,&quot;{$REGION}&quot;,&quot;{$ACCESS_KEY}&quot;,&quot;{$SECRET_KEY}&quot;].min(5m)}&lt;20G</expression>
            <name>Espaço Livre em disco inferior a 20Gb</name>
            <url/>
            <status>0</status>
            <priority>2</priority>
            <description/>
            <type>0</type>
            <dependencies/>
        </trigger>
        <trigger>
            <expression>{RDS:zabbix-aws.py[&quot;CPUUtilization&quot;,&quot;Average&quot;,&quot;DBInstanceIdentifier={HOSTNAME}&quot;,&quot;AWS/RDS&quot;,&quot;{$REGION}&quot;,&quot;{$ACCESS_KEY}&quot;,&quot;{$SECRET_KEY}&quot;].min(5m)}&gt;80</expression>
            <name>High CPU Load</name>
            <url/>
            <status>0</status>
            <priority>2</priority>
            <description>CPU com processamento em 80%</description>
            <type>0</type>
            <dependencies/>
        </trigger>
        <trigger>
            <expression>{RDS:zabbix-aws.py[&quot;DatabaseConnections&quot;,&quot;Average&quot;,&quot;DBInstanceIdentifier={HOSTNAME}&quot;,&quot;AWS/RDS&quot;,&quot;{$REGION}&quot;,&quot;{$ACCESS_KEY}&quot;,&quot;{$SECRET_KEY}&quot;].min(5m)}&gt;150</expression>
            <name>High Database Connections</name>
            <url/>
            <status>0</status>
            <priority>2</priority>
            <description>Acima de 150 conexões no banco.</description>
            <type>0</type>
            <dependencies/>
        </trigger>
        <trigger>
            <expression>{RDS:zabbix-aws.py[&quot;DiskQueueDepth&quot;,&quot;Average&quot;,&quot;DBInstanceIdentifier={HOSTNAME}&quot;,&quot;AWS/RDS&quot;,&quot;{$REGION}&quot;,&quot;{$ACCESS_KEY}&quot;,&quot;{$SECRET_KEY}&quot;].min(5m)}&gt;60</expression>
            <name>High Disk Queue Depth</name>
            <url/>
            <status>0</status>
            <priority>2</priority>
            <description>Disk Queue acima de 60</description>
            <type>0</type>
            <dependencies/>
        </trigger>
        <trigger>
            <expression>{RDS:zabbix-aws.py[&quot;ReadIOPS&quot;,&quot;Average&quot;,&quot;DBInstanceIdentifier={HOSTNAME}&quot;,&quot;AWS/RDS&quot;,&quot;{$REGION}&quot;,&quot;{$ACCESS_KEY}&quot;,&quot;{$SECRET_KEY}&quot;].min(5m)}&gt;2800</expression>
            <name>High Reading IOPS</name>
            <url/>
            <status>0</status>
            <priority>2</priority>
            <description>IOPS de leitura acima de 2800</description>
            <type>0</type>
            <dependencies/>
        </trigger>
        <trigger>
            <expression>({TRIGGER.VALUE}=0 &amp; {RDS:zabbix-aws.py[&quot;ReadThroughput&quot;,&quot;Average&quot;,&quot;DBInstanceIdentifier={HOSTNAME}&quot;,&quot;AWS/RDS&quot;,&quot;{$REGION}&quot;,&quot;{$ACCESS_KEY}&quot;,&quot;{$SECRET_KEY}&quot;].min(5m)}&gt;60000000) | ({TRIGGER.VALUE}=1 &amp; {RDS:zabbix-aws.py[&quot;ReadThroughput&quot;,&quot;Average&quot;,&quot;DBInstanceIdentifier={HOSTNAME}&quot;,&quot;AWS/RDS&quot;,&quot;{$REGION}&quot;,&quot;{$ACCESS_KEY}&quot;,&quot;{$SECRET_KEY}&quot;].min(10m)}&gt;55000000)</expression>
            <name>High Read Throughput</name>
            <url/>
            <status>0</status>
            <priority>2</priority>
            <description/>
            <type>0</type>
            <dependencies/>
        </trigger>
        <trigger>
            <expression>{RDS:zabbix-aws.py[&quot;SwapUsage&quot;,&quot;Average&quot;,&quot;DBInstanceIdentifier={HOSTNAME}&quot;,&quot;AWS/RDS&quot;,&quot;{$REGION}&quot;,&quot;{$ACCESS_KEY}&quot;,&quot;{$SECRET_KEY}&quot;].min(5m)}&gt;104857600</expression>
            <name>High Swap Usage</name>
            <url/>
            <status>0</status>
            <priority>2</priority>
            <description>Swap acima de 10M</description>
            <type>0</type>
            <dependencies/>
        </trigger>
        <trigger>
            <expression>{RDS:zabbix-aws.py[&quot;WriteLatency&quot;,&quot;Average&quot;,&quot;DBInstanceIdentifier={HOSTNAME}&quot;,&quot;AWS/RDS&quot;,&quot;{$REGION}&quot;,&quot;{$ACCESS_KEY}&quot;,&quot;{$SECRET_KEY}&quot;].min(5m)}&gt;300</expression>
            <name>High Write Latency</name>
            <url/>
            <status>0</status>
            <priority>2</priority>
            <description>Latencia de escrita acima de 300ms</description>
            <type>0</type>
            <dependencies/>
        </trigger>
        <trigger>
            <expression>{RDS:zabbix-aws.py[&quot;WriteThroughput&quot;,&quot;Average&quot;,&quot;DBInstanceIdentifier={HOSTNAME}&quot;,&quot;AWS/RDS&quot;,&quot;{$REGION}&quot;,&quot;{$ACCESS_KEY}&quot;,&quot;{$SECRET_KEY}&quot;].min(5m)}&gt;5000000</expression>
            <name>High Write Throughput</name>
            <url/>
            <status>0</status>
            <priority>2</priority>
            <description/>
            <type>0</type>
            <dependencies/>
        </trigger>
        <trigger>
            <expression>{RDS:zabbix-aws.py[&quot;WriteIOPS&quot;,&quot;Average&quot;,&quot;DBInstanceIdentifier={HOSTNAME}&quot;,&quot;AWS/RDS&quot;,&quot;{$REGION}&quot;,&quot;{$ACCESS_KEY}&quot;,&quot;{$SECRET_KEY}&quot;].min(5m)}&gt;2000</expression>
            <name>High Writing IOPS</name>
            <url/>
            <status>0</status>
            <priority>2</priority>
            <description>IOPS de escrita acima de 3200</description>
            <type>0</type>
            <dependencies/>
        </trigger>
    </triggers>
    <graphs>
        <graph>
            <name>CPU Utilization</name>
            <width>900</width>
            <height>200</height>
            <yaxismin>0.0000</yaxismin>
            <yaxismax>100.0000</yaxismax>
            <show_work_period>1</show_work_period>
            <show_triggers>1</show_triggers>
            <type>0</type>
            <show_legend>1</show_legend>
            <show_3d>0</show_3d>
            <percent_left>0.0000</percent_left>
            <percent_right>0.0000</percent_right>
            <ymin_type_1>1</ymin_type_1>
            <ymax_type_1>1</ymax_type_1>
            <ymin_item_1>0</ymin_item_1>
            <ymax_item_1>0</ymax_item_1>
            <graph_items>
                <graph_item>
                    <sortorder>0</sortorder>
                    <drawtype>5</drawtype>
                    <color>C80000</color>
                    <yaxisside>0</yaxisside>
                    <calc_fnc>2</calc_fnc>
                    <type>0</type>
                    <item>
                        <host>RDS</host>
                        <key>zabbix-aws.py[&quot;CPUUtilization&quot;,&quot;Average&quot;,&quot;DBInstanceIdentifier={HOSTNAME}&quot;,&quot;AWS/RDS&quot;,&quot;{$REGION}&quot;,&quot;{$ACCESS_KEY}&quot;,&quot;{$SECRET_KEY}&quot;]</key>
                    </item>
                </graph_item>
            </graph_items>
        </graph>
        <graph>
            <name>Database Connections</name>
            <width>900</width>
            <height>200</height>
            <yaxismin>0.0000</yaxismin>
            <yaxismax>300.0000</yaxismax>
            <show_work_period>1</show_work_period>
            <show_triggers>1</show_triggers>
            <type>0</type>
            <show_legend>1</show_legend>
            <show_3d>0</show_3d>
            <percent_left>0.0000</percent_left>
            <percent_right>0.0000</percent_right>
            <ymin_type_1>1</ymin_type_1>
            <ymax_type_1>1</ymax_type_1>
            <ymin_item_1>0</ymin_item_1>
            <ymax_item_1>0</ymax_item_1>
            <graph_items>
                <graph_item>
                    <sortorder>0</sortorder>
                    <drawtype>5</drawtype>
                    <color>770077</color>
                    <yaxisside>0</yaxisside>
                    <calc_fnc>2</calc_fnc>
                    <type>0</type>
                    <item>
                        <host>RDS</host>
                        <key>zabbix-aws.py[&quot;DatabaseConnections&quot;,&quot;Average&quot;,&quot;DBInstanceIdentifier={HOSTNAME}&quot;,&quot;AWS/RDS&quot;,&quot;{$REGION}&quot;,&quot;{$ACCESS_KEY}&quot;,&quot;{$SECRET_KEY}&quot;]</key>
                    </item>
                </graph_item>
            </graph_items>
        </graph>
        <graph>
            <name>Disk Latency</name>
            <width>900</width>
            <height>200</height>
            <yaxismin>0.0000</yaxismin>
            <yaxismax>100.0000</yaxismax>
            <show_work_period>1</show_work_period>
            <show_triggers>1</show_triggers>
            <type>0</type>
            <show_legend>1</show_legend>
            <show_3d>0</show_3d>
            <percent_left>0.0000</percent_left>
            <percent_right>0.0000</percent_right>
            <ymin_type_1>1</ymin_type_1>
            <ymax_type_1>0</ymax_type_1>
            <ymin_item_1>0</ymin_item_1>
            <ymax_item_1>0</ymax_item_1>
            <graph_items>
                <graph_item>
                    <sortorder>0</sortorder>
                    <drawtype>2</drawtype>
                    <color>BB0000</color>
                    <yaxisside>0</yaxisside>
                    <calc_fnc>2</calc_fnc>
                    <type>0</type>
                    <item>
                        <host>RDS</host>
                        <key>zabbix-aws.py[&quot;ReadLatency&quot;,&quot;Average&quot;,&quot;DBInstanceIdentifier={HOSTNAME}&quot;,&quot;AWS/RDS&quot;,&quot;{$REGION}&quot;,&quot;{$ACCESS_KEY}&quot;,&quot;{$SECRET_KEY}&quot;]</key>
                    </item>
                </graph_item>
                <graph_item>
                    <sortorder>1</sortorder>
                    <drawtype>2</drawtype>
                    <color>00BBBB</color>
                    <yaxisside>0</yaxisside>
                    <calc_fnc>2</calc_fnc>
                    <type>0</type>
                    <item>
                        <host>RDS</host>
                        <key>zabbix-aws.py[&quot;WriteLatency&quot;,&quot;Average&quot;,&quot;DBInstanceIdentifier={HOSTNAME}&quot;,&quot;AWS/RDS&quot;,&quot;{$REGION}&quot;,&quot;{$ACCESS_KEY}&quot;,&quot;{$SECRET_KEY}&quot;]</key>
                    </item>
                </graph_item>
            </graph_items>
        </graph>
        <graph>
            <name>Disk Queue Depth</name>
            <width>900</width>
            <height>200</height>
            <yaxismin>0.0000</yaxismin>
            <yaxismax>100.0000</yaxismax>
            <show_work_period>1</show_work_period>
            <show_triggers>1</show_triggers>
            <type>0</type>
            <show_legend>1</show_legend>
            <show_3d>0</show_3d>
            <percent_left>0.0000</percent_left>
            <percent_right>0.0000</percent_right>
            <ymin_type_1>1</ymin_type_1>
            <ymax_type_1>0</ymax_type_1>
            <ymin_item_1>0</ymin_item_1>
            <ymax_item_1>0</ymax_item_1>
            <graph_items>
                <graph_item>
                    <sortorder>0</sortorder>
                    <drawtype>5</drawtype>
                    <color>000088</color>
                    <yaxisside>0</yaxisside>
                    <calc_fnc>2</calc_fnc>
                    <type>0</type>
                    <item>
                        <host>RDS</host>
                        <key>zabbix-aws.py[&quot;DiskQueueDepth&quot;,&quot;Average&quot;,&quot;DBInstanceIdentifier={HOSTNAME}&quot;,&quot;AWS/RDS&quot;,&quot;{$REGION}&quot;,&quot;{$ACCESS_KEY}&quot;,&quot;{$SECRET_KEY}&quot;]</key>
                    </item>
                </graph_item>
            </graph_items>
        </graph>
        <graph>
            <name>Free Storage Space</name>
            <width>900</width>
            <height>200</height>
            <yaxismin>0.0000</yaxismin>
            <yaxismax>100.0000</yaxismax>
            <show_work_period>1</show_work_period>
            <show_triggers>1</show_triggers>
            <type>0</type>
            <show_legend>1</show_legend>
            <show_3d>0</show_3d>
            <percent_left>0.0000</percent_left>
            <percent_right>0.0000</percent_right>
            <ymin_type_1>1</ymin_type_1>
            <ymax_type_1>0</ymax_type_1>
            <ymin_item_1>0</ymin_item_1>
            <ymax_item_1>0</ymax_item_1>
            <graph_items>
                <graph_item>
                    <sortorder>0</sortorder>
                    <drawtype>5</drawtype>
                    <color>009999</color>
                    <yaxisside>0</yaxisside>
                    <calc_fnc>2</calc_fnc>
                    <type>0</type>
                    <item>
                        <host>RDS</host>
                        <key>zabbix-aws.py[&quot;FreeStorageSpace&quot;,&quot;Average&quot;,&quot;DBInstanceIdentifier={HOSTNAME}&quot;,&quot;AWS/RDS&quot;,&quot;{$REGION}&quot;,&quot;{$ACCESS_KEY}&quot;,&quot;{$SECRET_KEY}&quot;]</key>
                    </item>
                </graph_item>
            </graph_items>
        </graph>
        <graph>
            <name>IOPS</name>
            <width>900</width>
            <height>200</height>
            <yaxismin>0.0000</yaxismin>
            <yaxismax>100.0000</yaxismax>
            <show_work_period>1</show_work_period>
            <show_triggers>1</show_triggers>
            <type>0</type>
            <show_legend>1</show_legend>
            <show_3d>0</show_3d>
            <percent_left>0.0000</percent_left>
            <percent_right>0.0000</percent_right>
            <ymin_type_1>1</ymin_type_1>
            <ymax_type_1>0</ymax_type_1>
            <ymin_item_1>0</ymin_item_1>
            <ymax_item_1>0</ymax_item_1>
            <graph_items>
                <graph_item>
                    <sortorder>0</sortorder>
                    <drawtype>5</drawtype>
                    <color>BBBBBB</color>
                    <yaxisside>0</yaxisside>
                    <calc_fnc>2</calc_fnc>
                    <type>0</type>
                    <item>
                        <host>RDS</host>
                        <key>zabbix-aws.py[&quot;ReadIOPS&quot;,&quot;Average&quot;,&quot;DBInstanceIdentifier={HOSTNAME}&quot;,&quot;AWS/RDS&quot;,&quot;{$REGION}&quot;,&quot;{$ACCESS_KEY}&quot;,&quot;{$SECRET_KEY}&quot;]</key>
                    </item>
                </graph_item>
                <graph_item>
                    <sortorder>1</sortorder>
                    <drawtype>5</drawtype>
                    <color>111111</color>
                    <yaxisside>0</yaxisside>
                    <calc_fnc>2</calc_fnc>
                    <type>0</type>
                    <item>
                        <host>RDS</host>
                        <key>zabbix-aws.py[&quot;WriteIOPS&quot;,&quot;Average&quot;,&quot;DBInstanceIdentifier={HOSTNAME}&quot;,&quot;AWS/RDS&quot;,&quot;{$REGION}&quot;,&quot;{$ACCESS_KEY}&quot;,&quot;{$SECRET_KEY}&quot;]</key>
                    </item>
                </graph_item>
            </graph_items>
        </graph>
        <graph>
            <name>Network Throughput</name>
            <width>900</width>
            <height>200</height>
            <yaxismin>0.0000</yaxismin>
            <yaxismax>100.0000</yaxismax>
            <show_work_period>1</show_work_period>
            <show_triggers>1</show_triggers>
            <type>0</type>
            <show_legend>1</show_legend>
            <show_3d>0</show_3d>
            <percent_left>0.0000</percent_left>
            <percent_right>0.0000</percent_right>
            <ymin_type_1>1</ymin_type_1>
            <ymax_type_1>0</ymax_type_1>
            <ymin_item_1>0</ymin_item_1>
            <ymax_item_1>0</ymax_item_1>
            <graph_items>
                <graph_item>
                    <sortorder>0</sortorder>
                    <drawtype>5</drawtype>
                    <color>000088</color>
                    <yaxisside>0</yaxisside>
                    <calc_fnc>2</calc_fnc>
                    <type>0</type>
                    <item>
                        <host>RDS</host>
                        <key>zabbix-aws.py[&quot;NetworkReceiveThroughput&quot;,&quot;Average&quot;,&quot;DBInstanceIdentifier={HOSTNAME}&quot;,&quot;AWS/RDS&quot;,&quot;{$REGION}&quot;,&quot;{$ACCESS_KEY}&quot;,&quot;{$SECRET_KEY}&quot;]</key>
                    </item>
                </graph_item>
                <graph_item>
                    <sortorder>1</sortorder>
                    <drawtype>5</drawtype>
                    <color>008800</color>
                    <yaxisside>0</yaxisside>
                    <calc_fnc>2</calc_fnc>
                    <type>0</type>
                    <item>
                        <host>RDS</host>
                        <key>zabbix-aws.py[&quot;NetworkTransmitThroughput&quot;,&quot;Average&quot;,&quot;DBInstanceIdentifier={HOSTNAME}&quot;,&quot;AWS/RDS&quot;,&quot;{$REGION}&quot;,&quot;{$ACCESS_KEY}&quot;,&quot;{$SECRET_KEY}&quot;]</key>
                    </item>
                </graph_item>
            </graph_items>
        </graph>
        <graph>
            <name>Read Throughput</name>
            <width>900</width>
            <height>200</height>
            <yaxismin>0.0000</yaxismin>
            <yaxismax>100.0000</yaxismax>
            <show_work_period>1</show_work_period>
            <show_triggers>1</show_triggers>
            <type>0</type>
            <show_legend>1</show_legend>
            <show_3d>0</show_3d>
            <percent_left>0.0000</percent_left>
            <percent_right>0.0000</percent_right>
            <ymin_type_1>1</ymin_type_1>
            <ymax_type_1>0</ymax_type_1>
            <ymin_item_1>0</ymin_item_1>
            <ymax_item_1>0</ymax_item_1>
            <graph_items>
                <graph_item>
                    <sortorder>0</sortorder>
                    <drawtype>5</drawtype>
                    <color>00BB00</color>
                    <yaxisside>0</yaxisside>
                    <calc_fnc>2</calc_fnc>
                    <type>0</type>
                    <item>
                        <host>RDS</host>
                        <key>zabbix-aws.py[&quot;ReadThroughput&quot;,&quot;Average&quot;,&quot;DBInstanceIdentifier={HOSTNAME}&quot;,&quot;AWS/RDS&quot;,&quot;{$REGION}&quot;,&quot;{$ACCESS_KEY}&quot;,&quot;{$SECRET_KEY}&quot;]</key>
                    </item>
                </graph_item>
            </graph_items>
        </graph>
        <graph>
            <name>Swap Usage</name>
            <width>900</width>
            <height>200</height>
            <yaxismin>0.0000</yaxismin>
            <yaxismax>100.0000</yaxismax>
            <show_work_period>1</show_work_period>
            <show_triggers>1</show_triggers>
            <type>0</type>
            <show_legend>1</show_legend>
            <show_3d>0</show_3d>
            <percent_left>0.0000</percent_left>
            <percent_right>0.0000</percent_right>
            <ymin_type_1>1</ymin_type_1>
            <ymax_type_1>0</ymax_type_1>
            <ymin_item_1>0</ymin_item_1>
            <ymax_item_1>0</ymax_item_1>
            <graph_items>
                <graph_item>
                    <sortorder>0</sortorder>
                    <drawtype>5</drawtype>
                    <color>FFFF99</color>
                    <yaxisside>0</yaxisside>
                    <calc_fnc>2</calc_fnc>
                    <type>0</type>
                    <item>
                        <host>RDS</host>
                        <key>zabbix-aws.py[&quot;SwapUsage&quot;,&quot;Average&quot;,&quot;DBInstanceIdentifier={HOSTNAME}&quot;,&quot;AWS/RDS&quot;,&quot;{$REGION}&quot;,&quot;{$ACCESS_KEY}&quot;,&quot;{$SECRET_KEY}&quot;]</key>
                    </item>
                </graph_item>
            </graph_items>
        </graph>
        <graph>
            <name>Write Throughput</name>
            <width>900</width>
            <height>200</height>
            <yaxismin>0.0000</yaxismin>
            <yaxismax>100.0000</yaxismax>
            <show_work_period>1</show_work_period>
            <show_triggers>1</show_triggers>
            <type>0</type>
            <show_legend>1</show_legend>
            <show_3d>0</show_3d>
            <percent_left>0.0000</percent_left>
            <percent_right>0.0000</percent_right>
            <ymin_type_1>1</ymin_type_1>
            <ymax_type_1>0</ymax_type_1>
            <ymin_item_1>0</ymin_item_1>
            <ymax_item_1>0</ymax_item_1>
            <graph_items>
                <graph_item>
                    <sortorder>0</sortorder>
                    <drawtype>5</drawtype>
                    <color>C80000</color>
                    <yaxisside>0</yaxisside>
                    <calc_fnc>2</calc_fnc>
                    <type>0</type>
                    <item>
                        <host>RDS</host>
                        <key>zabbix-aws.py[&quot;WriteThroughput&quot;,&quot;Average&quot;,&quot;DBInstanceIdentifier={HOSTNAME}&quot;,&quot;AWS/RDS&quot;,&quot;{$REGION}&quot;,&quot;{$ACCESS_KEY}&quot;,&quot;{$SECRET_KEY}&quot;]</key>
                    </item>
                </graph_item>
            </graph_items>
        </graph>
    </graphs>
</zabbix_export>
